{"cameraMode":{"drawMode":0,"name":"Shaded","section":"Shading Mode"},"sceneLighting":true,"audioPlay":false,"sceneViewState":{"m_AlwaysRefresh":false,"showFog":true,"showSkybox":true,"showFlares":true,"showImageEffects":true,"showParticleSystems":true,"showVisualEffectGraphs":true,"m_FxEnabled":true},"in2DMode":false,"pivot":{"x":-17.005617141723634,"y":-7.291144371032715,"z":-6.0837249755859379},"rotation":{"x":-0.12595506012439729,"y":-0.01726340688765049,"z":0.0021915154065936805,"w":-0.9918811321258545},"size":30.063148498535158,"orthographic":false}